texto,clase
La energía solar es una fuente de energía renovable que se obtiene directamente del Sol mediante la captación de su radiación.,humano
La Segunda Guerra Mundial fue un conflicto militar global que se desarrolló entre 1939 y 1945.,humano
El ajedrez es un juego de estrategia que enfrenta a dos jugadores y se juega sobre un tablero dividido en 64 casillas.,humano
"En los últimos años, la inteligencia artificial ha tenido un gran impacto en sectores como la medicina, la educación y la industria.",humano
"La historia del arte estudia la evolución del arte a lo largo del tiempo, desde las primeras manifestaciones prehistóricas hasta las expresiones contemporáneas.",humano
La inteligencia artificial representa una revolución tecnológica que transforma la manera en que interactuamos con los sistemas informáticos.,ia
El hidrógeno verde podría convertirse en una de las claves para una transición energética sostenible en el siglo XXI.,ia
"El ajedrez no es solo un juego, sino también una herramienta para ejercitar la mente y tomar decisiones bajo presión.",ia
La historia del arte ofrece una visión fascinante de cómo la humanidad ha expresado sus ideas y emociones a través de diferentes estilos y técnicas.,ia
La energía solar utiliza paneles fotovoltaicos que convierten la luz del Sol en electricidad de forma limpia y eficiente.,ia
La fotosíntesis es el proceso mediante el cual las plantas convierten la luz solar en energía química.,humano
"Miguel de Cervantes escribió 'Don Quijote de la Mancha', considerada la obra más importante de la literatura española.",humano
El sistema solar está formado por ocho planetas que giran alrededor del Sol.,humano
Las vacunas han sido una de las herramientas más eficaces en la lucha contra enfermedades infecciosas.,humano
El cambio climático es una alteración global del clima causada en gran parte por la actividad humana.,humano
La pintura renacentista se caracterizaba por el uso de la perspectiva y el enfoque en la figura humana.,humano
El agua es esencial para la vida y cubre aproximadamente el 70% de la superficie terrestre.,humano
Las pirámides de Egipto son uno de los vestigios más impresionantes de la antigüedad.,humano
"Una dieta equilibrada incluye frutas, verduras, proteínas y cereales integrales.",humano
La democracia permite a los ciudadanos participar en las decisiones políticas mediante el voto.,humano
La revolución digital redefine las dinámicas sociales mediante la conectividad global y el acceso inmediato a la información.,ia
El aprendizaje automático permite a los sistemas adaptarse y evolucionar sin ser programados explícitamente.,ia
Una ciudad inteligente utiliza datos en tiempo real para optimizar servicios como el transporte y la energía.,ia
La ética en inteligencia artificial plantea desafíos sobre el uso responsable y la transparencia algorítmica.,ia
La automatización industrial mejora la eficiencia pero también genera debates sobre el empleo humano.,ia
El blockchain puede transformar sectores al garantizar transparencia y descentralización.,ia
"El metaverso representa una nueva dimensión de interacción social, educativa y económica.",ia
Las redes neuronales profundas permiten el reconocimiento de voz con una precisión cercana al nivel humano.,ia
La computación cuántica promete resolver problemas complejos mucho más rápido que los ordenadores actuales.,ia
La interacción humano-máquina se perfecciona con interfaces naturales como el procesamiento del lenguaje natural.,ia
